577,parti politique,groupe parlementaire,twitter,
Damien Abad,Les Républicains,LR,damienabad,
Laurence Abeille,Europe Ecologie Les Verts,NI,LaurenceAbeille ,
Ibrahim Aboubacar,Parti socialiste,SRC,i_aboubacar,
Élie Aboud,Les Républicains,LR,Elie_ABOUD ,
Bernard Accoyer,Les Républicains,LR,bernardaccoyer,
Patricia Adam,Parti socialiste,SRC,p_adaman,
Sylviane Alaux,Parti socialiste,SRC,,?
Éric Alauzet,Europe Ecologie Les Verts,SRC,ericalauzet ,
Yves Albarello,Les Républicains,LR,yvesalbarello,
Brigitte Allain,Europe Ecologie Les Verts,NI,BrigitteAllain ,
Jean-Pierre Allossery,Parti socialiste,SRC,,
Nicole Ameline,Les Républicains,LR,nicoleameline,
Pouria Amirshahi,Parti socialiste,NI,pouriaamirshahi,
François André,Parti socialiste,SRC,FrancoisAndre35 ,
Sylvie Andrieux,Non rattachée,NI,,?
Benoist Apparu,Les Républicains,LR,benoistapparu,
Nathalie Appéré,Parti socialiste,SRC,nathalieappere ,
Kader Arif,Parti socialiste,SRC,kaderarif,
Laurence Arribagé,Les Républicains,LR,larribage,
François Asensi,Forces de Gauche,GDR,,?
Christian Assaf,Parti socialiste,SRC,assaf2012 ,
Isabelle Attard,Europe Ecologie Les Verts,NI,team_attard,
Julien Aubert,Les Républicains,LR,julienaubert84,
Olivier Audibert-Troin,,LR,olivieraudibert ,
Danielle Auroi,Europe Ecologie Les Verts,NI,danielleauroi,
Pierre Aylagas,Parti socialiste,SRC,,?
Bruno Nestor Azerot,Mouvement initiative populaire,GDR,BNAzerot ,
Alexis Bachelay,Parti socialiste,SRC,ABachelay ,
Guillaume Bachelay,Parti socialiste,SRC,gbachelay,
Jean-Paul Bacquet,Parti socialiste,SRC,jpbacquet,
Dominique Baert,Parti socialiste,SRC,,?
Patrick Balkany,Les Républicains,LR,,?
Guy Bailliart,Parti socialiste,SRC,,?
Gérard Bapt,Parti socialiste,SRC,,?
Frédéric Barbier,Parti socialiste,SRC,Fred_Barbier ,
Jean-Pierre Barbier,Les Républicains,LR,jpbarbierisere,
Serge Bardy,Parti socialiste,SRC,bardyserge,
Claude Bartolone,Parti socialiste,SRC,claudebartolone,
Christian Bataille,Parti socialiste,SRC,chrbataille,
Delphine Batho,Parti socialiste,SRC,delphinebatho,
Marie-Noëlle Battistel,Parti socialiste,SRC,,?
Laurent Baumel,Parti socialiste,SRC,laurentbaumel ,
Philippe Baumel,Parti socialiste,SRC,philippebaumel,
Denis Baupin,Europe Ecologie Les Verts,NI,denis_baupin,
Nicolas Bays,Parti socialiste,SRC,nicolasbays ,
Catherine Beaubatie,Parti socialiste,SRC,,?
Marie-Françoise Bechtel,Parti radical de gauche,a. SRC,MFBechtel ,
Jean-Marie Beffara,Parti socialiste,SRC,jmbeffara ,
Huguette Bello,"Pour la Réunion, de toutes nos forces",GDR,huguettebello,
Luc Belot,Parti socialiste,SRC,lucbelot,
Jacques-Alain Bénisti,,LR,,?
Thierry Benoit,"Union des Radicaux, centristes, indépendants et démocrates",UDI,thierrybenoit35,
Karine Berger,Parti socialiste,SRC,Karine_Berger ,
Sylvain Berrios,Les Républicains,LR,sy_berrios,
Chantal Berthelot,Parti socialiste Guyanais,a. SRC,ChantalGuyane,?
Véronique Besse,Debout la France (Debout la République),NI,veroniquebesse,
Gisèle Biémouret,Parti socialiste,SRC,GiseleBiemouret ,
Philippe Bies,Parti socialiste,SRC,philippebies,
Erwann Binet,Parti socialiste,SRC,Erwann Binet,
Jean-Pierre Blazy,Parti socialiste,SRC,jpblazy ,
Yves Blein,Parti socialiste,SRC,yves_blein,
Jean-Luc Bleunven,Parti socialiste,a. SRC,JeanLucBleunven ,
Patrick Bloche,Parti socialiste,SRC,pbloche ,
Alain Bocquet,Parti communiste français,GDR,,?
Daniel Boisserie,Parti socialiste,SRC,,?
Jacques Bompard,Debout la France (Debout la République),NI,JacquesBompard ,
Michèle Bonneton,Europe Ecologie Les Verts,NI,michelebonneton,
Marcel Bonnot,Les Républicains,LR,,?
Christophe Borgel,Parti socialiste,SRC,chborgel ,
Jean-Claude Bouchet,Les Républicains,LR,jcbouchet,
Florent Boudié,Parti socialiste,SRC,florent_boudie,
Marie-Odile Bouillé,Parti socialiste,SRC,,?
Christophe Bouillon,Parti socialiste,SRC,TeamBouillon ,
Gilles Bourdouleix,Association PSLE - Nouveau Centre,NI,GBOURDOULEIX ,
Brigitte Bourguignon,Parti socialiste,SRC,BourguignonBrig ,
Malek Boutih,Parti socialiste,SRC,malekboutih,
Kheira Bouziane,Parti socialiste,SRC,Kheira Bouziane,
Valérie Boyer,Les Républicains,LR,valerieboyer13,
Émeric Bréhier,,SRC,,?
Marine Brenier,,LR,marinebrenier,
Xavier Breton,Les Républicains,LR,bretonxavier,
Philippe Briand,Les Républicains,LR,,?
Jean-Louis Bricout,Parti socialiste,SRC,jlbricout,
Jean-Jacques Bridey,Parti socialiste,SRC,jjbridey94260,
Bernard Brochand,Les Républicains,LR,,?
Isabelle Bruneau,Parti socialiste,SRC,IsabelleBrunea1 ,
Marie-George Buffet,Parti communiste français,GDR,,?
Sabine Buis,Parti socialiste,SRC,buissabine,
Jean-Claude Buisine,Parti socialiste,SRC,jcl_buisine,
Sylviane Bulteau,Parti socialiste,SRC,sylvianebulteau,
Vincent Burroni,Parti socialiste,SRC,,?
Dominique Bussereau,Les Républicains,LR,dbussereau,
Alain Calmette,Parti socialiste,SRC,alaincalmette,
Jean-Christophe Cambadélis,Parti socialiste,SRC,jccambadelis ,
Jean-Jacques Candelier,Parti communiste français,GDR,jjcandelier ,
Colette Capdevielle,Parti socialiste,SRC,c_capdevielle ,
Yann Capet,Parti socialiste,SRC,Yann_Capet,
Christophe Caresche,Parti socialiste,SRC,CCaresche ,
Marie-Arlette Carlotti,Parti socialiste,SRC,MACarlotti,
Jean-Noël Carpentier,Parti radical de gauche,RRDP,carpentierjn,
Olivier Carré,Les Républicains,LR,olivier_carre ,
Fanélie Carrey-Conte,Parti socialiste,SRC,FCarreyConte ,
Gilles Carrez,Les Républicains,LR,GillesCarrez ,
Martine Carrillon-Couvreur,Parti socialiste,SRC,,?
Patrice Carvalho,Parti communiste français,GDR,,?
Christophe Castaner,Parti socialiste,SRC,CCastaner ,
Laurent Cathala,Parti socialiste,SRC,laurent_cathala,
Jean-Yves Caullet,Parti socialiste,SRC,JYCaullet ,
Christophe Cavard,Parti socialiste,SRC,ccavard ,
Yves Censi,Les Républicains,LR,yvescensi,à vérifier
Nathalie Chabanne,Parti socialiste,SRC,Chabanne_Nat ,
Ary Chalus,Guadeloupe unie socialisme et réalité,RRDP,achalus971,
Guy Chambefort,Parti socialiste,SRC,guychambefort ,
Jean-Paul Chanteguet,Parti socialiste,SRC,,?
Marie-Anne Chapdelaine,Parti socialiste,SRC,ma_chapdelaine ,
Gérard Charasse,Parti radical de gauche,RRDP,,?
Gaby Charroux,Parti communiste français,GDR,gaby_charroux,
Jérôme Chartier,Les Républicains,LR,jechartier ,
André Chassaigne,Parti communiste français,GDR,AndreChassaigne ,
Luc Chatel,Les Républicains,LR,LucChatel ,
Guy-Michel Chauveau,Parti socialiste,SRC,GMChauveau ,
Dominique Chauvel,Parti socialiste,NI,deputeeChauvel ,
Pascal Cherki,Parti socialiste,SRC,pascalcherki ,
Gérard Cherpion,Les Républicains,LR,GerardCherpion ,
Guillaume Chevrollier,Les Républicains,LR,gchevrollier ,
Alain Chrétien,Les Républicains,LR,alainchretien ,
Jean-Louis Christ,Les Républicains,LR,,?
Dino Cinieri,Les Républicains,LR,,?
Jean-David Ciot,Parti socialiste,SRC,jdciot ,
Éric Ciotti,Les Républicains,LR,ECiotti ,
Alain Claeys,Parti socialiste,SRC,AlainClaeys,
Jean-Michel Clément,Parti socialiste,SRC,jmclement86 ,
Stéphane Claireaux,Cap sur l'avenir,RRDP,sclaireaux,
Marie-Françoise Clergeau,Parti socialiste,SRC,clergeaumf ,
Philippe Cochet,Les Républicains,LR,PhilippeCochet ,
Romain Colas,Parti socialiste,SRC,romaincolas,
Gilbert Collard,Front national,NI,gilbertcollard,
David Comet,Parti socialiste,SRC,,? attention ya un economiste espagnol qui est tout pareil mais pas deputé francais sur twitter
Jean-François Copé,,LR,jf_cope ,
Philip Cordery,Parti socialiste,SRC,PhilipCordery ,
François Cornut-Gentille,Les Républicains,LR,fcornutgentille,
Sergio Coronado,Europe Ecologie Les Verts,NI,sergiocoronado ,
Valérie Corre,Parti socialiste,SRC,Valerie_Corre ,
Jean-Louis Costes,Les Républicains,LR,jeanlouiscostes ,
Jean-Jacques Cottel,Parti socialiste,SRC,cotteljj,
Charles de Courson,,UDI,C_deCourson ,
Édouard Courtial,Les Républicains,LR,EdouardCourtial ,
Catherine Coutelle,Parti socialiste,SRC,CCoutelle,
Jean-Michel Couve,Les Républicains,LR,jmcouve ,
Jacques Cresta,Parti socialiste,SRC,JacquesCresta ,
Pascale Crozon,Parti socialiste,SRC,aveccrozon,
Frédéric Cuvillier,Parti socialiste,SRC,fcuvillier,
Seybah Dagoma,Parti socialiste,SRC,SeybahDagoma ,
Marie-Christine Dalloz,Les Républicains,LR,,?
Karine Daniel,,SRC,KarineDanielNts,
Yves Daniel,Parti socialiste,SRC,ydaniel_depute,
Carlos Da Silva,Parti socialiste,SRC,DaSilvaCarlos91 ,
Olivier Dassault,Les Républicains,LR,ODassault ,
Marc-Philippe Daubresse,Les Républicains,LR,DAUBRESSE_MP ,
Bernard Debré,Les Républicains,LR,Bernard_Debre ,
Jean-Pierre Decool,Debout la France (Debout la République),a. LR,jpdecool ,
Bernard Deflesselles,Les Républicains,LR,bdeflesselles,
Laurent Degallaix,"Union des Radicaux, centristes, indépendants et démocrates",UDI,laudegallaix,
Lucien Degauchy,Les Républicains,LR,,?
Pascal Deguilhem,Parti socialiste,SRC,PascalDeguilhem,
Rémi Delatte,Les Républicains,LR,,?
Florence Delaunay,Parti socialiste,SRC,fdelaunay,
Michèle Delaunay,Parti socialiste,SRC,micheledelaunay,
Guy Delcourt,Parti socialiste,SRC,Guy_Delcourt ,
Carole Delga,Parti socialiste,SRC,CaroleDelga ,
Jacques Dellerie,,SRC,,?
Pascal Demarthe,Parti socialiste,SRC,PascalDemarthe,
Stéphane Demilly,Association PSLE - Nouveau Centre,UDI,,?
Sébastien Denaja,Parti socialiste,SRC,SebastienDenaja ,
Françoise Descamps-Crosnier,Parti socialiste,SRC,,?
Sophie Dessus,Parti socialiste,SRC,SophieDessus ,
Jean-Louis Destans,Parti socialiste,SRC,JLDestans ,
Michel Destot,Parti socialiste,SRC,mdestot ,
Patrick Devedjian,Les Républicains,LR,DevedjianP,
Nicolas Dhuicq,Les Républicains,LR,nicolasdhuicq,
Sophie Dion,Les Républicains,LR,SophieDion74 ,
Julien Dive,juliendive,LR,,
Marc Dolez,Parti communiste français,GDR,,
Fanny Dombre-Coste,,SRC,F_DombreCoste ,
Jean-Pierre Door,Les Républicains,LR,doorjean ,
Dominique Dord,Les Républicains,LR,"DominiqueDord 
",
René Dosière,Parti socialiste,SRC,,?
Philippe Doucet,Parti socialiste,SRC,pdoucet ,
Sandrine Doucet,Parti socialiste,SRC,Doucet_Sandrine ,
David Douillet,Les Républicains,LR,DDouillet ,
Jeanine Dubié,Parti radical de gauche,RRDP,,?
Françoise Dubois,Parti socialiste,SRC,fdubois2012 ,
Marianne Dubois,Les Républicains,LR,DuboisMarianne ,
Virginie Duby-Muller,Les Républicains,LR,DubyMuller ,
Jean-Pierre Dufau,Parti socialiste,SRC,jpdufau,
Cécile Duflot,Europe Ecologie Les Verts,NI,cecileduflot,
Anne-Lise Dufour-Tonini,Parti socialiste,SRC,al_dufourtonini,
Françoise Dumas,Parti socialiste,SRC,fdumasdeputee ,
William Dumas,Parti socialiste,SRC,william_dumas ,
Jean-Louis Dumont,Parti socialiste,SRC,jldumont55,
Laurence Dumont,Parti socialiste,SRC,,?
Nicolas Dupont-Aignan,Debout la France (Debout la République),NI,dupontaignan,
Jean-Paul Dupré,Parti socialiste,SRC,,?
Yves Durand,Parti socialiste,SRC,,?
Philippe Duron,Parti socialiste,SRC,PhilippeDuron ,
Olivier Dussopt,Parti socialiste,SRC,olivierdussopt ,
Éric Elkouby,,SRC,elkoubye,
Henri Emmanuelli,Parti socialiste,SRC,henriemmanuelli,
Corinne Erhel,Parti socialiste,SRC,c_erhel_deputee ,
Sophie Errante,Parti socialiste,SRC,SophieErrante ,
Marie-Hélène Fabre,Parti socialiste,SRC,MHFabre ,
Olivier Falorni,Parti radical de gauche,RRDP,OlivierFalorni ,
Daniel Fasquelle,Les Républicains,LR,DFasquelle ,
Alain Fauré,Parti socialiste,SRC,afaure09,
Martine Faure,Parti socialiste,SRC,MartineFaure,
Olivier Faure,Parti socialiste,SRC,faureolivier ,
Yannick Favennec,"Union des Radicaux, centristes, indépendants et démocrates",UDI,yfavennec,
Georges Fenech,Les Républicains,LR,GeorgesFENECH ,
Hervé Féron,Parti socialiste,SRC,herveferon,
Richard Ferrand,Parti socialiste,SRC,RichardFerrand ,
Aurélie Filippetti,Parti socialiste,SRC,aurelifil,
François Fillon,Les Républicains,LR,FrancoisFillon ,
Geneviève Fioraso,Parti socialiste,SRC,fioraso,
Philippe Folliot,Association PSLE - Nouveau Centre,UDI,philippefolliot ,
Marie-Louise Fort,Les Républicains,LR,,?
Yves Foulon,Les Républicains,LR,deputefoulon,
Hugues Fourage,Parti socialiste,SRC,huguesfourage,
Jean-Marc Fournel,Parti socialiste,SRC,?,
Valérie Fourneyron,Parti socialiste,SRC,vfourneyron,
Michèle Fournier-Armand,Parti socialiste,SRC,fournier_armand ,
Michel Françaix,,SRC,michelfrancaix ,
Marc Francina,Les Républicains,LR,,?
Christian Franqueville,Parti socialiste,SRC,,?
Jacqueline Fraysse,Forces de Gauche,GDR,,?
Jean-Christophe Fromantin,Association PSLE - Nouveau Centre,NI,JCFromantin ,
Yves Fromion,Les Républicains,LR,YvesFromion,
Jean-Claude Fruteau,Parti socialiste,SRC,,?
Laurent Furst,Les Républicains,LR,,?
Jean-Louis Gagnaire,Parti socialiste,SRC,JLGagnaire ,
Geneviève Gaillard,Parti socialiste,SRC,gaillard_2014 ,
Yann Galut,Parti socialiste,SRC,yanngalut ,
Claude de Ganay,,LR,Cdganay ,
Sauveur Gandolfi-Scheit,Les Républicains,LR,SauveurGandolfi,
Guillaume Garot,Parti socialiste,SRC,guillaumegarot,
Renaud Gauquelin,,SRC,renaudgauquelin,
Hervé Gaymard,Les Républicains,LR,HGaymard ,
Annie Genevard,Les Républicains,LR,AnnieGenevard,
Guy Geoffroy,Les Républicains,LR,GuyGeoffroy,
Bernard Gérard,Les Républicains,LR,bgerard59 ,
Jean-Marc Germain,Parti socialiste,SRC,jmgermain ,
Alain Gest,Les Républicains,LR,Alain_Gest ,
Paul Giacobbi,Non déclaré,RRDP,pgiacobbi ,
Daniel Gibbs,,a. LR,DGibbs978 ,
Franck Gilard,Les Républicains,LR,,?
Jean-Patrick Gille,Parti socialiste,SRC,jp_gille ,
Georges Ginesta,Les Républicains,LR,,?
Charles-Ange Ginésy,,LR,ca_ginesy ,
Jean-Pierre Giran,Les Républicains,LR,JeanPierreGiran ,
Joël Giraud,Parti radical de gauche,RRDP,JoelGiraud05,
Jean Glavany,Parti socialiste,SRC,JeanGlavany,
Yves Goasdoué,Parti socialiste,a. SRC,yvesgoasdoue,
Claude Goasguen,Les Républicains,LR,ClaudeGoasguen ,
Daniel Goldberg,Parti socialiste,SRC,GoldbergDaniel ,
Philippe Gomès,,UDI,PhilippeGomesCE ,
Jean-Pierre Gorges,Non déclaré,LR,jpgorges,
Geneviève Gosselin,,SRC,,?
Philippe Gosselin,Les Républicains,LR,phgosselin ,
Pascale Got,Parti socialiste,SRC,Pascalegot,
Marc Goua,Parti socialiste,SRC,,?
Philippe Goujon,Les Républicains,LR,Philippe_Goujon ,
Linda Gourjade,Parti socialiste,SRC,Linda_Gourjade ,
Laurent Grandguillaume,Parti socialiste,SRC,ANDGUILLAUME ,
Claude Greff,Les Républicains,LR,ClaudeGreff ,
Jean Grellier,Parti socialiste,SRC,Jean_Grellier ,
Arlette Grosskost,Les Républicains,LR,agrosskost ,
Serge Grouard,Les Républicains,LR,sergegrouard,
Henri Guaino,Les Républicains,LR,Henri_Guaino,
Françoise Guégot,Les Républicains,LR,fguegot ,
Édith Gueugneau,,a. SRC,egueugneau,
Jean-Claude Guibal,Les Républicains,LR,jcguibal ,
Élisabeth Guigou,Parti socialiste,SRC,elisabethguigou ,
Jean-Jacques Guillet,Les Républicains,LR,jjguillet ,
Christophe Guilloteau,Les Républicains,LR,,?
Chantal Guittet,Parti socialiste,SRC,chantalguittet ,
David Habib,Parti socialiste,SRC,davidhabiban,
Meyer Habib,"Union des Radicaux, centristes, indépendants et démocrates",UDI,Meyer_Habib,
Razzy Hammadi,Parti socialiste,SRC,RHammadi,
Benoît Hamon,Parti socialiste,SRC,benoithamon,
Mathieu Hanotin,Parti socialiste,SRC,MathieuHanotin ,
Michel Heinrich,Les Républicains,LR,,?
Michel Herbillon,Les Républicains,LR,,?
Antoine Herth,Les Républicains,LR,antoineherth,
Patrick Hetzel,Les Républicains,LR,patrickhetzel,
Francis Hillmeyer,Association PSLE - Nouveau Centre,UDI,FHillmeyer,
Gilda Hobert,Parti radical de gauche,RRDP,,?
Philippe Houillon,Les Républicains,LR,PHouillon ,
Guénhaël Huet,Les Républicains,LR,guenhaelhuet,
Joëlle Huillier,Parti socialiste,SRC,Joellehuillier ,
Christian Hutin,Parti socialiste,a. SRC,ChristianHutin,
Sébastien Huyghe,Les Républicains,LR,SebastienHuyghe ,
Monique Iborra,Parti socialiste,SRC,MoniqueIborra ,
Françoise Imbert,Parti socialiste,SRC,,?
Michel Issindou,Parti socialiste,SRC,,?
Christian Jacob,Les Républicains,LR,,?
Denis Jacquat,Les Républicains,LR,,?
Éric Jalton,Parti communiste guadeloupéen,SRC,EricJALTON ,
Serge Janquin,Parti socialiste,SRC,,?
Yves Jégo,"Union des Radicaux, centristes, indépendants et démocrates",UDI,yvesjego ,
Henri Jibrayel,Parti socialiste,SRC,henrijibrayel ,
Romain Joron,,SRC,RomainJoron,
Régis Juanico,Parti socialiste,SRC,Juanico ,
Laurent Kalinowski,Parti socialiste,SRC,L_Kalinowski,
Marietta Karamanli,Parti socialiste,SRC,karamanli72 ,
Philippe Kemel,Parti socialiste,SRC,philippekemel ,
Christian Kert,Les Républicains,LR,christian_kert ,
Chaynesse Khirouni,Parti socialiste,SRC,,?
Nathalie Kosciusko-Morizet,Les Républicains,LR,nk_m ,
Jacques Kossowski,Les Républicains,LR,jakossowski ,
Jacques Krabal,Parti radical de gauche,RRDP,JKrabal,
Patrick Labaune,Les Républicains,LR,patricklabaune ,
Bernadette Laclais,Parti socialiste,SRC,,?
Valérie Lacroute,Les Républicains,LR,VLacroute ,
Conchita Lacuey,Parti socialiste,SRC,,?
Marc Laffineur,Les Républicains,LR,Marclaffineur ,
Jean-Christophe Lagarde,"Union des Radicaux, centristes, indépendants et démocrates",UDI,jclagarde ,
Sonia Lagarde,"Union des Radicaux, centristes, indépendants et démocrates",UDI,SoniaLagarde ,
François-Michel Lambert,Parti socialiste,SRC,fm_lambert ,
Jérôme Lambert,Parti socialiste,RRDP,jeromelambert16,
Jacques Lamblin,Les Républicains,LR,JacquesLamblin,
Jean-François Lamour,Les Républicains,LR,JF_Lamour ,
François Lamy,Parti socialiste,SRC,lamy_f,
Anne-Christine Lang,Parti socialiste,SRC,AChristine_Lang,
Colette Langlade,Parti socialiste,SRC,ColetteLanglade,
Guillaume Larrivé,Les Républicains,LR,GLarrive ,
Laure de La Raudière,,LR,lauredlr ,
Jean Lassalle,Le Centre pour la France,NI,jeanlassalle ,
Jean Launay,Parti socialiste,SRC,JeanLAUNAY46,
Jean-Luc Laurent,Parti socialiste,a. SRC,jluc_laurent,
Charles de La Verpillière,,LR,delaverpilliere ,
Thierry Lazaro,Les Républicains,LR,,?
Alain Lebœuf,,LR,a_leboeuf ,
Marylise Lebranchu,,SRC,mlebranchu,
Pierre-Yves Le Borgn',Parti socialiste,SRC,pyleborgn ,
Jean-Yves Le Bouillonnec,Parti socialiste,SRC,,?
Patrick Lebreton,Parti socialiste,NI,lebreton2014,
Gilbert Le Bris,Parti socialiste,SRC,gilbertlebris ,
Isabelle Le Callennec,Les Républicains,LR,lecallennec ,
Anne-Yvonne Le Dain,Parti socialiste,SRC,Ayledain ,
Jean-Yves Le Déaut,Parti socialiste,SRC,,?
Viviane Le Dissez,Parti socialiste,SRC,,?
Vincent Ledoux,,LR,vincentledoux59,
Michel Lefait,Parti socialiste,SRC,MLEFAIT ,
Dominique Lefebvre,Parti socialiste,SRC,LefebvrePS,
Frédéric Lefebvre,Les Républicains,LR,FLefebvre_RF ,
Marc Le Fur,Les Républicains,LR,marclefur ,
Annie Le Houérou,,SRC,LeHouerouA,
Pierre Lellouche,Les Républicains,LR,LellouchePierre ,
Annick Le Loch,Parti socialiste,SRC,annick_leloch ,
Bruno Le Maire,Les Républicains,LR,BrunoLeMaire ,
Patrick Lemasle,Parti socialiste,SRC,,?
Dominique Le Mèner,Les Républicains,LR,lemenerdom ,
Catherine Lemorton,Parti socialiste,SRC,CathLEMORTON ,
Christophe Léonard,Parti socialiste,SRC,Ch_Leonard ,
Jean Leonetti,Les Républicains,LR,JeanLeonetti ,
Annick Lepetit,Parti socialiste,SRC,annick_lepetit ,
Pierre Lequiller,Les Républicains,LR,PLequiller,
Philippe Le Ray,Les Républicains,LR,PhilippeLERAY56 ,
Jean-Pierre Le Roch,Parti socialiste,SRC,,?
Bruno Le Roux,Parti socialiste,SRC,BrunoLeRoux ,
Arnaud Leroy,Parti socialiste,SRC,ar_leroy ,
Marie-Thérèse Le Roy,,SRC,,?
Maurice Leroy,Association PSLE - Nouveau Centre,UDI,MauriceLeroy ,
Michel Lesage,Parti socialiste,SRC,,?
Bernard Lesterlin,Parti socialiste,SRC,BLesterlin ,
Serge Letchimy,Parti progressiste martiniquais,a. SRC,SergeLetchimy ,
Céleste Lett,Les Républicains,LR,,?
Marie Le Vern,Parti socialiste,SRC,Marie_LeVern,
Geneviève Levy,Les Républicains,LR,,?
Michel Liebgott,Parti socialiste,SRC,MichelLiebgott,
Martine Lignières-Cassou,Parti socialiste,SRC,Lignierescassou ,
Audrey Linkenheld,Parti socialiste,SRC,,?
François Loncle,Parti socialiste,SRC,,?
Gabrielle Louis-Carabin,Démocratie et République,a. SRC,,?
Lucette Lousteau,Parti socialiste,SRC,LucetteLousteau,
Véronique Louwagie,Les Républicains,LR,VeroLouwagie,
Lionnel Luca,Les Républicains,LR,lionnelluca06 ,
Victorin Lurel,Parti socialiste,SRC,VictorinLurel ,
Gilles Lurton,Les Républicains,LR,gilleslurton ,
Jean-Pierre Maggi,Parti radical de gauche,RRDP,jpmaggi_depute ,
Noël Mamère,Europe Ecologie Les Verts,NI,noelmamere ,
Jean-François Mancel,Les Républicains,LR,JFMancel ,
Jacqueline Maquet,Parti socialiste,SRC,,?
Laurent Marcangeli,Les Républicains,LR,LMarcangeli ,
Marie-Lou Marcel,Parti socialiste,SRC,mloumarcel ,
Marion Maréchal-Le Pen,Front national,NI,marion_m_le_pen,
Thierry Mariani,Les Républicains,LR,ThierryMARIANI ,
Alfred Marie-Jeanne,Mouvement indépendantiste martiniquais,GDR,Chabennou,
Hervé Mariton,Les Républicains,LR,HerveMariton ,
Alain Marleix,Les Républicains,LR,MARLEIXAlain ,
Olivier Marleix,Les Républicains,LR,oliviermarleix,
Franck Marlin,Les Républicains,a. LR,franckmarlin ,
Jean-René Marsac,Parti socialiste,SRC,,?
Alain Marsaud,Les Républicains,LR,AlMarsaud,
Philippe Martin,Parti socialiste,SRC,DeputeMartin ,
Philippe Armand Martin,Les Républicains,LR,,?
Martine Martinel,Parti socialiste,SRC,MartineMartinel ,
Patrice Martin-Lalande,Les Républicains,LR,deputepml,
Alain Marty,Les Républicains,LR,,?
Frédérique Massat,Parti socialiste,SRC,Fmassat09 ,
Véronique Massonneau,Parti socialiste,SRC,VMassonneau ,
Jean-Claude Mathis,Les Républicains,LR,,?
Sandrine Mazetier,Parti socialiste,SRC,S_Mazetier ,
François de Mazières,,a. LR,fdemazieres,
Michel Ménard,Parti socialiste,SRC,Michel_MENARD ,
Patrick Mennucci,Parti socialiste,SRC,patrickmennucci ,
Gérard Menuel,Les Républicains,LR,,?
Damien Meslot,Les Républicains,LR,DMeslot,
Kléber Mesquida,Parti socialiste,SRC,kmesquida,
Philippe Meunier,Les Républicains,LR,MeunierPh,
Jean-Claude Mignon,Les Républicains,LR,JC_Mignon77 ,
Sylvia Pinel,,RRDP,sylviapinel,
Paul Molac,Parti socialiste,a. SRC,Paul_Molac ,
Pierre Morange,Les Républicains,LR,PierreMorange ,
Yannick Moreau,Les Républicains,LR,YannickMOREAU ,
Pierre Morel-A-L'Huissier,,LR,MORELPIERRE ,
Hervé Morin,Association PSLE - Nouveau Centre,UDI,Herve_Morin ,
Alain Moyne-Bressand,Les Républicains,LR,moyne_bressand ,
Pierre-Alain Muet,Parti socialiste,SRC,pierrealainmuet ,
Jacques Myard,Les Républicains,LR,jacquesmyard,
Philippe Naillet,,SRC,,?
Dominique Nachury,Les Républicains,LR,,?
Philippe Nauche,Parti socialiste,SRC,PhilippeNauche ,
Yves Nicolin,Les Républicains,LR,ynicolin,
Nathalie Nieson,Parti socialiste,SRC,nnieson ,
Jean-Philippe Nilor,Mouvement indépendantiste martiniquais,GDR,,?
Philippe Noguès,Non rattaché,NI,PhilippeNogues ,
Robert Olive,Parti socialiste,SRC,,?
Maud Olivier,Parti socialiste,SRC,OlivierMaud ,
Patrick Ollier,Les Républicains,LR,patrick_ollier ,
Dominique Orliac,Parti radical de gauche,RRDP,D_Orliac,
Monique Orphé,Parti socialiste,SRC,moniqueorphe ,
Michel Pajon,Parti socialiste,SRC,MichelPajon,
Bertrand Pancher,"Union des Radicaux, centristes, indépendants et démocrates",UDI,BertrandPancher ,
Luce Pane,Parti socialiste,SRC,LucePane1,
Christian Paul,Parti socialiste,SRC,christianpaul58 ,
Rémi Pauvros,Parti socialiste,SRC,RPauvros,
Germinal Peiro,Parti socialiste,SRC,germinalpeiro ,
Jacques Pélissard,Les Républicains,LR,pelissard ,
Hervé Pellois,Parti socialiste,a. SRC,HervePellois ,
Jean-Claude Perez,Parti socialiste,SRC,,?
Stéphanie Pernod-Beaudon,,LR,stefpernod,
Bernard Perrut,Les Républicains,LR,B_Perrut ,
Édouard Philippe,,LR,EPhilippe_LH ,
Sébastien Pietrasanta,Parti socialiste,SRC,S_PIETRASANTA ,
Christine Pirès-Beaune,,SRC,cpiresbeaune ,
Michel Piron,"Union des Radicaux, centristes, indépendants et démocrates",UDI,MichelPiron ,
Philippe Plisson,Parti socialiste,SRC,plisson2012 ,
Élisabeth Pochon,,SRC,ElisabethPochon ,
Jean-Frédéric Poisson,Les Républicains,LR,jfpoisson78 ,
Bérengère Poletti,Les Républicains,LR,Poletti_B,
Napole Polutélé,,SRC,,?
Axel Poniatowski,Les Républicains,LR,AxelPoniatowski ,
Josette Pons,Les Républicains,LR,josettepons,
Pascal Popelin,Parti socialiste,SRC,pascalpopelin ,
Dominique Potier,Parti socialiste,SRC,PotierDominique,
Michel Pouzol,Parti socialiste,SRC,MichelPouzol ,
Régine Povéda,Parti socialiste,SRC,ReginePoveda,
Patrice Prat,Parti socialiste,SRC,PatricePrat ,
Christophe Premat,Parti socialiste,SRC,prematc,
Christophe Priou,Les Républicains,LR,,?
Joaquim Pueyo,Parti socialiste,SRC,JoaquimPueyo ,
François Pupponi,Parti socialiste,SRC,fpupponi,
Didier Quentin,Les Républicains,LR,didierquentin,
Catherine Quéré,Parti socialiste,SRC,,?
Valérie Rabault,Parti socialiste,SRC,Valerie_Rabault ,
Monique Rabin,Parti socialiste,SRC,MoniqueRabin ,
Dominique Raimbourg,Parti socialiste,SRC,Raimbourg2012 ,
Marie Récalde,Parti socialiste,SRC,MarieRecalde,
Frédéric Reiss,Les Républicains,LR,,?
Jean-Luc Reitzer,Les Républicains,LR,,?
Marie-Line Reynaud,Parti socialiste,SRC,MLReynaud16 ,
Bernard Reynès,Les Républicains,LR,bernardreynes ,
Franck Reynier,"Union des Radicaux, centristes, indépendants et démocrates",UDI,FranckReynier ,
Arnaud Richard,"Union des Radicaux, centristes, indépendants et démocrates",UDI,ArnaudRichard_ ,
Pierre Ribeaud,Parti socialiste,SRC,,?
Franck Riester,Les Républicains,LR,franckriester ,
Eduardo Rihan Cypel,Parti socialiste,SRC,Rihan_Cypel ,
Thierry Robert,La politique autrement,RRDP,trobert974 ,
Denys Robiliard,Parti socialiste,SRC,DenysRobiliard,
Arnaud Robinet,Les Républicains,LR,ArnaudRobinet ,
Camille de Rocca Serra,,LR,CdeRoccaSerra ,
François Rochebloine,"Union des Radicaux, centristes, indépendants et démocrates",UDI,Rochebloine,
Alain Rodet,Parti socialiste,SRC,,?
Marcel Rogemont,Parti socialiste,SRC,marcelrogemont ,
Sophie Rohfritsch,Les Républicains,LR,SRohfritsch,
Frédéric Roig,Parti socialiste,SRC,,?
Barbara Romagnan,Parti socialiste,SRC,bromagnan ,
Bernard Roman,Parti socialiste,SRC,,?
Gwendal Rouillard,Parti socialiste,SRC,G_ROUILLARD ,
Jean-Louis Roumégas,,NI,jlroumegas ,
René Rouquet,Parti socialiste,SRC,,?
Alain Rousset,Parti socialiste,SRC,al_rousset ,RoussetAlain 
François de Rugy,,SRC,FdeRugy ,
Martial Saddier,Les Républicains,LR,MartialSaddier,
Maina Sage,Rautahi - Rassemblement pour la Polynésie française,UDI,MainaSage,
René Rouquet,,a. SRC,,?
Stéphane Saint-André,Parti radical de gauche,RRDP,AndrSaint ,
Paul Salen,Les Républicains,LR,,?
Rudy Salles,Association PSLE - Nouveau Centre,UDI,rudysalles ,
Nicolas Sansu,Parti communiste français,GDR,,?
Béatrice Santais,Parti socialiste,SRC,,?
André Santini,"Union des Radicaux, centristes, indépendants et démocrates",UDI,ASantini_UDI ,
Éva Sas,,NI,EvaSasAN ,
Odile Saugues,Parti socialiste,SRC,,?
François Sauvadet,"Union des Radicaux, centristes, indépendants et démocrates",UDI,sauvadet ,
Gilbert Sauvan,Parti socialiste,SRC,,?
Gilles Savary,Parti socialiste,SRC,GilleSavary,
François Scellier,Les Républicains,a. LR,fgscellier,
Claudine Schmid,Les Républicains,LR,Claudine_Schmid ,
André Schneider,Les Républicains,LR,,?
Roger-Gérard Schwartzenberg,Parti radical de gauche,RRDP,,?
Gérard Sebaoun,Parti socialiste,SRC,gerardsebaoun ,
Jean-Marie Sermier,Les Républicains,LR,jmsermier2014,
Gabriel Serville,Parti socialiste Guyanais,GDR,GabrielServille,
Fernand Siré,Les Républicains,LR,,?
Christophe Sirugue,Parti socialiste,SRC,chsirugue,
Thierry Solère,Les Républicains,LR,solere92 ,
Julie Sommaruga,Parti socialiste,SRC,JulieSOMMARUGA ,
Michel Sordi,Les Républicains,LR,Michel_Sordi,
Éric Straumann,Les Républicains,LR,ericstraumann ,
Claude Sturni,Les Républicains,a. LR,,?
Alain Suguenot,Les Républicains,LR,A_Suguenot ,
Michèle Tabarot,Les Républicains,LR,MTabarot ,
Jonas Tahuaitu,Tahoeraa Huiraatira,UDI,,?
Suzanne Tallard,Parti socialiste,SRC,SuzanneTallard ,
Lionel Tardy,Les Républicains,LR,DeputeTardy ,
Jean-Charles Taugourdeau,Les Républicains,LR,JCTaugourdeau ,
Guy Teissier,Les Républicains,LR,guyteissier ,
Pascal Terrasse,Parti socialiste,SRC,pterrasse ,
Michel Terrot,Les Républicains,LR,,?
Jean-Marie Tétart,,LR,JeanMarieTetart ,
Pascal Thévenot,,LR,pascalthevenot,
Thomas Thévenoud,Parti radical de gauche,NI,tthevenoud ,
Dominique Tian,Les Républicains,LR,Dominique_TIAN ,
Sylvie Tolmont,Parti socialiste,SRC,SylvieTolmont ,
Jean-Louis Touraine,Parti socialiste,SRC,,?
Alain Tourret,Parti radical de gauche,RRDP,AlainTourret ,
Stéphane Travert,Parti socialiste,SRC,StTRAVERT ,
Catherine Troallic,Parti socialiste,SRC,CaTroallic ,
Jean-Paul Tuaiva,Rautahi - Rassemblement pour la Polynésie française,UDI,JPTUAIVA,
Cécile Untermaier,Parti socialiste,SRC,ceciluntermaier,
Daniel Vaillant,Parti socialiste,SRC,danielvaillant ,
Jacques Valax,Parti socialiste,SRC,jvalax ,
François Vannson,Les Républicains,LR,fvannson ,
Catherine Vautrin,Les Républicains,LR,cavautrin,
Michel Vauzelle,Parti socialiste,SRC,vauzelle,
Francis Vercamer,Association PSLE - Nouveau Centre,UDI,fvercamer,
Patrice Verchère,Les Républicains,LR,patriceverchere,
Fabrice Verdier,Parti socialiste,SRC,F_Verdier ,
Michel Vergnier,Parti socialiste,SRC,chelVERGNIER ,
Jean-Sébastien Vialatte,Les Républicains,LR,JS_Vialatte ,
Arnaud Viala,Les Républicains,LR,arnaudviala,
Philippe Vigier,"Union des Radicaux, centristes, indépendants et démocrates",UDI,vigierphilippe,
Jean-Pierre Vigier,Les Républicains,LR,,?
Patrick Vignal,Parti socialiste,SRC,PatrickVignal ,
François-Xavier Villain,"Union des Radicaux, centristes, indépendants et démocrates",UDI,fxvillain ,
Jean-Michel Villaumé,Parti socialiste,SRC,jmvillaume,
Philippe Vitel,Les Républicains,LR,PhilippeVitel ,
Jean-Jacques Vlody,,SRC,jvlody ,
Michel Voisin,Les Républicains,LR,,?
Jean-Luc Warsmann,Les Républicains,LR,warsmann,
Laurent Wauquiez,Les Républicains,LR,laurentwauquiez,
Patrick Weiten,,UDI,,?
Éric Woerth,Les Républicains,LR,ericwoerth ,
Paola Zanetti,Parti socialiste,SRC,paolazanetti57,
Marie-Jo Zimmermann,Les Républicains,LR,,?
Michel Zumkeller,"Union des Radicaux, centristes, indépendants et démocrates",UDI,MichelZumkeller ,